视频标题,发布时间,播放量,点赞量,收藏量,弹幕量,评论量,转发量,投币量,视频时长(s),BV号,AV号
《崩坏：星穹铁道》千冶•刃角色PV——「灭度」,2026-05-29 12:00:00,2990377,218364,50041,27480,17183,22162,85011,432,BV1PnV46DEP4,116655489288097
《崩坏：星穹铁道》走近星穹——「千冶•刃：是千冶不是千治！」,2026-05-27 12:00:00,1549981,128217,24082,9539,10202,9243,30407,419,BV1sJGC6aE6n,116644147889865
《崩坏：星穹铁道》4.3版本「沉于生者的忘川」前瞻特别节目,2026-05-22 20:05:00,1843531,95962,15809,19022,11598,3919,19795,1588,BV1G7Gb6qExb,116617186906109
《崩坏：星穹铁道》4.3版本PV：「沉于生者的忘川」,2026-05-22 19:55:00,1550662,96457,16145,5253,6479,5636,21909,736,BV1E1Li6GEwq,116615928614715
《崩坏：星穹铁道》绯英角色PV——「她的日常」,2026-05-11 12:00:00,3528160,190650,39973,11276,39904,15519,68642,441,BV1dE5p6bEut,116553567699238
《崩坏：星穹铁道》走近星穹——「绯英：香香软软泥头车！」,2026-05-06 12:00:00,1921852,143346,21571,6868,10178,9520,31222,438,BV1zxRpBKEXh,116525214272735
《崩坏：星穹铁道》「2026星铁奇妙夜」线上音乐演出官方录播完整版,2026-05-03 20:00:00,4183287,226935,113866,195069,41467,26038,173889,6186,BV16p9UBgEhT,116486777670852
《崩坏：星穹铁道》三周年主题曲MV——「天生鬼才」,2026-05-03 19:30:00,2373947,167021,37638,3641,11471,6525,42035,167,BV1AW98BoE6a,116492129535698
《崩坏：星穹铁道》动画短片：「这游戏还能不能玩了？」,2026-04-21 12:00:00,6130932,375793,111912,43619,29409,36320,161351,1154,BV1dHoKBDE3x,116436060078332
《崩坏：星穹铁道》银狼LV.999角色PV——「我独自满级」,2026-04-19 12:00:00,7227786,433988,137935,54767,31898,49014,222490,701,BV1wYdWB5EVF,116426614573585
《崩坏：星穹铁道》千星纪游PV：「第999场：GAME NOT OVER」,2026-04-17 12:00:00,3874179,291987,76256,13090,20713,26460,110379,949,BV118dqBXEgB,116417772981050
《崩坏：星穹铁道》走近星穹——「银狼LV.999：勿忘狼尊梦！」,2026-04-16 12:00:00,2218212,181862,37187,24287,12357,11626,51848,478,BV1YsQEBzE9h,116408243457229
《崩坏：星穹铁道》即兴巡演PV：「新手指南」,2026-04-15 12:00:00,4022727,299165,78897,31146,17582,27806,125665,1075,BV1HyQ5BgEgo,116406364407732
《崩坏：星穹铁道》4.2版本「如是，众生欢笑不已」前瞻特别节目,2026-04-10 21:20:00,2232037,116155,25036,44891,12640,4078,35065,4234,BV1hwQwBnEAQ,116380342945347
《崩坏：星穹铁道》原创动画•概念PV——「死于午后」,2026-04-10 20:40:00,6582969,485406,185587,19064,29552,77672,249757,167,BV1YXDfBUETP,116379604749273
《崩坏：星穹铁道》4.2版本PV：「如是，众生欢笑不已」,2026-04-10 20:30:00,2537262,114664,22444,49549,7292,4209,32466,788,BV1RMDfBUEbk,116378010911478
《崩坏：星穹铁道》三周年主题曲：「天生鬼才」,2026-04-10 19:35:00,7842494,470086,216657,19343,24570,44978,276929,410,BV1XVDfBLE3D,116377960579256
鸟，为什么会飞？,2026-04-01 12:00:00,4617978,428979,93702,116159,32541,95851,127118,171,BV1eRXrB3EQ7,116323266857866
《崩坏：星穹铁道》走近星穹——「乐园漫记」特别节目,2026-03-24 12:00:00,1181220,99241,12375,13013,6425,5441,20617,478,BV14DQoBKEAi,116278186478338
《崩坏：星穹铁道》不死途角色PV——「狼来了」,2026-03-20 12:00:00,3710930,231786,45540,12345,13346,28473,71724,440,BV1f4w1zEEt6,116255352688226
《崩坏：星穹铁道》走近星穹——「不死途：我…你…我…哎呦，嗐…！」,2026-03-18 12:00:00,1569920,127302,14713,8975,8760,5372,19888,489,BV112wXzUEUX,116244028132938
《崩坏：星穹铁道》4.1版本「献给破晓的失控」前瞻特别节目,2026-03-13 20:15:00,1897411,91040,16758,10705,8606,2423,18249,2040,BV1mXczzVExc,116215204807040
《崩坏：星穹铁道》4.1版本PV：「献给破晓的失控」,2026-03-13 20:05:00,1797798,95324,14975,4522,7036,4342,22529,645,BV1Smczz2EJa,116215188031182
《崩坏：星穹铁道》火花角色PV——「痴人说梦」,2026-03-02 12:00:00,12897920,620711,235728,43645,44697,86961,333396,506,BV1XGAUzJEZB,116142190430210
我永远无法原谅星穹铁道,2026-02-27 12:00:00,7893554,591472,147263,88231,46421,94109,233889,898,BV1xxfYBDEoG,116134707791653
《崩坏：星穹铁道》走近星穹——「火花：永不放弃你」,2026-02-25 12:00:00,3029854,228703,38891,27019,13368,11285,70181,587,BV19dZ6BJEVY,116101019143233
《崩坏：星穹铁道》爻光角色PV——「万事如意」,2026-02-12 12:00:00,6797299,377897,100250,27864,30908,46667,136840,492,BV1mKcxzMERi,116050502942918
《崩坏：星穹铁道》「齐乐绒绒大冒险」公益短片：星穹下的格桑花,2026-02-11 12:00:00,1879437,343657,75756,38276,32792,18767,293889,573,BV1woFQzKEmY,116045905921711
《崩坏：星穹铁道》走近星穹——「爻光：爻老板发大财呢~」,2026-02-10 12:00:00,1758199,140479,19618,16622,7920,6647,26704,589,BV1LqcTzNEvN,116038356240550
《崩坏：星穹铁道》即兴巡演PV：「吉凶之外」,2026-02-08 12:00:00,3719844,227382,39843,10843,12461,14726,61664,903,BV1LXFazTEU3,116017283992750
《崩坏：星穹铁道》4.0版本「满月是神不在的时间」前瞻特别节目,2026-02-06 20:50:00,2603799,134423,26111,68247,17756,5540,40729,3347,BV1TgFYzREzZ,116017082665571
《崩坏：星穹铁道》4.0版本PV：「满月是神不在的时间」,2026-02-06 20:30:00,3303299,149254,28319,11135,14652,9210,44350,570,BV1KGFYzWEdg,116017065888429
《崩坏：星穹铁道》千星纪游PV：「星际和平倡议：反毁灭同盟」,2026-02-03 12:00:00,6576430,340074,79065,31104,35038,67176,136528,720,BV1iu6MBSEqd,115966147036225
《崩坏：星穹铁道》即兴巡演PV：「一口气看完！铁墓之战后，官方没有说出的真相！」,2026-02-01 12:00:00,9889301,602099,174038,154508,77257,237685,276059,806,BV1i36MBEEPW,115966130259568
《崩坏：星穹铁道》大丽花角色PV——「一曲终了」,2025-12-16 12:00:00,3735173,209510,44824,13620,13492,27576,53163,500,BV1QwmCBoEgz,115722256712369
《崩坏：星穹铁道》走近星穹——「大丽花：你小时候我还抱过你呢」,2025-12-10 12:00:00,1787424,128524,18379,5513,11196,6728,18840,371,BV1pm2QBNEVk,115688349893632
《崩坏：星穹铁道》3.8版本「记忆是梦的开场白」前瞻特别节目,2025-12-05 20:30:00,1929695,90193,14952,11438,14974,3307,14972,1487,BV1Ui42167UW,1456522394
《崩坏：星穹铁道》3.8版本PV：「记忆是梦的开场白」,2025-12-05 20:00:00,2637888,105532,19123,6701,11510,9009,23616,658,BV1EW2vB2Est,115660382276176
《崩坏：星穹铁道》音乐MV——「昔涟」,2025-11-07 12:00:00,5083145,340073,179402,54601,19450,31439,272961,211,BV1XG2FBTEHK,115502240238167
《崩坏：星穹铁道》动画短片：「你好，世界」,2025-11-05 12:00:00,11208415,654850,398434,283370,76055,90086,695963,1018,BV14G1kB5Evp,115490043266137
《崩坏：星穹铁道》走近星穹——「货币战争」特别节目,2025-11-03 12:00:00,1658820,121774,15566,19013,7708,9745,19251,558,BV1kc1uBkE4s,115468216043139
《崩坏：星穹铁道》昔涟角色PV——「再度和你」,2025-11-02 12:00:00,10586900,527264,226810,331755,101934,83786,422394,854,BV1yZ1MB1Eej,115468182684077
《崩坏：星穹铁道》黄金史诗PV：「再见，昔涟」,2025-10-31 12:00:00,4359911,325392,89583,201913,22144,36016,142573,698,BV1yXyaBGEVR,115463031882040
《崩坏：星穹铁道》走近星穹——「昔涟：留待未来的空白诗篇」,2025-10-29 12:00:00,2442982,185917,40439,130694,29374,17351,62821,718,BV1ekyBB5Esg,115450616876261
《崩坏：星穹铁道》千星纪游PV：「故事之外：第8场」,2025-10-28 12:00:00,7621222,378321,111155,180681,53370,103531,174274,1047,BV1xzs1zDEFi,115445348828660
《崩坏：星穹铁道》3.7版本「成为昨日的明天」前瞻特别节目,2025-10-24 20:40:00,2581590,119338,26915,47461,21807,5157,33395,2017,BV1E7sBzQEBY,115422263249617
《崩坏：星穹铁道》3.7版本PV：「成为昨日的明天」,2025-10-24 20:15:00,3630656,163393,38357,47483,15817,12413,61954,830,BV1BJsBznEjo,115422246537376
《崩坏：星穹铁道》丹恒•腾荒角色PV——「归处」,2025-10-10 12:00:00,3021610,232278,63857,85536,19785,23047,110685,588,BV13KxrzDEE4,115341749456857
《崩坏：星穹铁道》走近星穹——「丹恒•腾荒：别想了，不会有《土龙吟》这首歌的！」,2025-10-08 12:00:00,2078797,179023,23802,45637,10629,10550,33317,377,BV1ymxWzZEDz,115313865657431
《崩坏：星穹铁道》千星纪游PV：「翁法罗斯英雄纪」,2025-09-24 18:00:00,4232540,262454,95670,75055,15425,21255,152531,890,BV1R5JyzJE9Y,115252427491599
《崩坏：星穹铁道》动画短片：「跋涉」,2025-09-24 12:00:00,2773947,237433,72151,31879,11209,20329,110866,598,BV1BpJrz7EUL,115252159121770
《崩坏：星穹铁道》长夜月角色PV——「天黑请闭眼」,2025-09-23 12:00:00,6347831,384464,126499,54192,19706,53666,170714,569,BV1r5nwzVEBg,115247511766767
《崩坏：星穹铁道》千星纪游PV：「亲爱的三月七」,2025-09-19 12:00:00,4751962,319857,83393,20002,17117,36097,112734,642,BV1uopiz8E9B,115224409541202
《崩坏：星穹铁道》走近星穹——「长夜月：一开始用红色形态不就好了？」,2025-09-17 12:00:00,2536548,188447,29986,14503,8580,11316,35756,516,BV18vp2zsEu1,115213990890001
《崩坏：星穹铁道》3.6版本「于长夜重返大地」前瞻特别节目,2025-09-12 20:30:00,2313954,117253,24164,72619,8526,4516,27188,1842,BV1ogHezFEGB,115185050258114
《崩坏：星穹铁道》3.6版本PV：「‍于长夜重返大地」,2025-09-12 20:00:00,3168911,147549,27764,23614,10273,8819,41004,734,BV1Y7HezsEpc,115185033414134
《崩坏：星穹铁道》刻律德菈角色PV——「以身入局」,2025-08-29 12:00:00,4154201,287355,68136,103706,21358,22728,93477,538,BV1Hdh1zhE1e,115105358481606
《崩坏：星穹铁道》走近星穹——「刻律德菈：吃凯撒沙拉，享霸道人生」,2025-08-27 12:00:00,1857039,169153,23650,72433,8837,8803,31728,439,BV1vDvNzjEYu,115094436447898
《崩坏：星穹铁道》海瑟音角色PV——「海的女儿」,2025-08-12 12:00:00,4900315,287051,53085,148717,19854,27484,82721,574,BV1otbGzXE5K,115009526959309
《崩坏：星穹铁道》走近星穹——「海瑟音：骑士肚里能撑船」,2025-08-06 12:00:00,2155663,159448,20327,33095,9451,7609,23329,552,BV1odtnzkEtF,114975402100793
《崩坏：星穹铁道》3.5版本「英雄未死之前」前瞻特别节目,2025-08-02 20:45:00,2774239,147159,25150,51484,14355,5529,30868,1829,BV1gHhAz9EpC,114941176579205
《崩坏：星穹铁道》救世PV——「开拓者」,2025-08-02 20:00:00,9842878,559192,161249,222522,63267,109609,300769,107,BV19RhAzcEdU,114940891369288
《崩坏：星穹铁道》× Fate[UBW] 联动PV——「相见『很』晚」,2025-07-10 12:00:00,5525515,379934,89183,126675,24523,85276,131913,433,BV1gwGnzdEBk,114816672926680
《崩坏：星穹铁道》走近星穹——「Archer：如果能投影出现代热兵器就好了！」,2025-07-09 12:00:00,2036482,146886,17878,25214,9971,10055,21595,478,BV1gwGnzdEHi,114816672927622
《崩坏：星穹铁道》走近星穹——「Saber：这是只有聪明人才能看到的剑哦」,2025-07-08 12:00:00,2781620,199213,26511,42900,12187,20847,37888,509,BV1hi3yzdEpq,114811622918211
梦幻联动！星穹铁道开启了一场圣杯战争——,2025-07-06 12:00:00,2402650,215503,26927,53572,12206,27412,49950,390,BV1GT3EzDEnn,114793990129343
《崩坏：星穹铁道》音乐MV——「耀斑」,2025-07-03 12:00:00,7577062,356504,165674,44926,16999,32853,162337,223,BV1sV3xzfEXP,114782548003537
《崩坏：星穹铁道》动画短片：「听！狂欢在那神佑的山巅」,2025-07-02 14:00:00,16243881,712948,338780,329080,78818,174119,621956,1155,BV1twgSzhEo8,114775921003380
《崩坏：星穹铁道》白厄角色PV——「日冕」,2025-06-29 12:00:00,28269430,901167,403756,629665,1655183,237879,815652,814,BV1HfKiz3Ezf,114753305447594
《崩坏：星穹铁道》走近星穹——「白厄：全村人的希望」,2025-06-25 12:00:00,3829202,242641,42012,229708,29438,21036,63405,590,BV1AFKtzUEwM,114731209723771
《崩坏：星穹铁道》千星纪游PV：「有关星空的寓言集•其二」,2025-06-24 12:00:00,8650047,450594,134210,144049,63240,129764,236466,1234,BV1HsKbznEZg,114730622518677
《崩坏：星穹铁道》3.4版本「因为太阳将要毁伤」前瞻特别节目,2025-06-20 20:40:00,3039536,145161,33900,85169,19639,7489,42066,3266,BV1APNWziErE,114707704841533
《崩坏：星穹铁道》3.4版本PV：「因为太阳将要毁伤」,2025-06-20 20:00:00,5244441,194214,40771,60614,16951,25059,70111,726,BV1hmNpz7EmZ,114707688131263
《崩坏：星穹铁道》赛飞儿角色PV——「举手之劳」,2025-06-06 12:07:06,5342350,318779,91074,59236,18024,28197,105498,516,BV14nTNzfEcU,114634405186498
《崩坏：星穹铁道》走近星穹——「赛飞儿：财从八方来！」,2025-06-03 12:00:00,2010799,151439,21385,50368,9017,8528,29229,520,BV1mf72zgEPx,114611722391330
《崩坏：星穹铁道》EP：「拂晓」,2025-05-22 12:00:00,17679652,678427,429848,389103,46758,110809,619782,208,BV12HJBzHERG,114545268033025
《崩坏：星穹铁道》风堇角色PV——「有求必应」,2025-05-20 12:00:00,7343101,405399,119966,104737,26982,62962,201626,436,BV1ZNEiz8ESM,114505572943323
《崩坏：星穹铁道》走近星穹——「风堇：新的风宝已经出现」,2025-05-14 18:00:00,2428074,166096,23858,15241,10200,12457,35881,442,BV16vEFzPEXp,114500103573179
《崩坏：星穹铁道》3.3版本「在黎明升起时坠落」前瞻特别节目,2025-05-09 20:40:00,2451376,110053,23141,17188,8366,3545,20772,2060,BV1MB5KzQEYL,114472236614932
《崩坏：星穹铁道》3.3版本PV：「‍在黎明升起时坠落」,2025-05-09 20:00:00,3592479,138563,25375,20103,14127,15039,37777,710,BV16h5NzqE2K,114470827329551
《崩坏：星穹铁道》「2025星铁LIVE」演唱会官方录播完整版,2025-05-04 16:22:11,8053871,352452,211561,329209,19301,50537,295071,15506,BV1aDGfziEGh,114446315816577
《崩坏：星穹铁道》2025演唱会：「踏上旅途」,2025-05-03 21:15:00,2155511,166349,40411,28354,12086,7059,44072,249,BV1UnGbzyEYW,114426820692144
《崩坏：星穹铁道》2025演唱会：「希望有羽毛和翅膀」,2025-05-02 21:42:48,3073158,264391,66986,8342,13303,27237,100588,524,BV172V5zsEjX,114438396972828
《崩坏：星穹铁道》2025演唱会：「不乱不破」,2025-05-01 21:02:31,3471255,288356,61886,82530,12205,34751,77498,220,BV1pMGqzdEcy,114432642451510
《崩坏：星穹铁道》演唱会动画CM：「拍摄进行中」,2025-04-29 18:00:00,4504973,440735,176454,101730,13284,49582,202002,473,BV1SrGrzUEmp,114418985732801
《崩坏：星穹铁道》二周年特别动画：「不虚此行」,2025-04-26 12:00:00,9239821,757799,373130,333088,31685,80947,640090,699,BV1ozLezmERa,114391001335318
《崩坏：星穹铁道》那刻夏角色PV——「何罪之有」,2025-04-25 12:00:00,5249960,302615,113000,48538,25430,38347,135825,526,BV1AbLezxEKM,114390850338819
《崩坏：星穹铁道》走近星穹——「那刻夏：哈哈哈哈哈哈哈」,2025-04-23 12:00:00,3131811,171730,30643,139556,45451,14796,28550,520,BV1gf5Xz9EL6,114380532354014
《崩坏：星穹铁道》遐蝶角色PV——「墓志铭」,2025-04-08 12:00:00,6505129,328813,111071,70088,26255,41010,187694,740,BV17YR2YuETG,114296025515029
《崩坏：星穹铁道》黄金史诗PV：「生命从夜中醒来」,2025-04-05 12:00:00,5011573,347644,90641,100555,18290,47126,163887,938,BV18hZ1YaEuM,114272688407941
《崩坏：星穹铁道》走近星穹——「遐蝶：遐瑕不分，叽米惨遭发配哀地里亚」,2025-04-02 12:00:00,2866288,176265,31732,55388,10240,12931,43999,572,BV1j4ZbYcEaV,114261430896704
厨房即战场！「黄金大饭店」新预告公开,2025-04-01 12:00:00,3777592,307111,64119,60496,12667,42205,88987,398,BV11UZ7YjE2f,114255525382256
《崩坏：星穹铁道》动画短片：「那安息的长夜」,2025-03-31 12:00:00,6752676,514623,182053,73145,29018,115052,350047,1798,BV16io9YTEqH,114238815210394
《崩坏：星穹铁道》3.2版本「走过安眠地的花丛」前瞻特别节目,2025-03-28 20:45:00,2695271,147454,31025,89903,19492,7964,63079,2783,BV1C8o9Y3Ekg,114238613882591
《崩坏：星穹铁道》3.2版本PV：「‍走过安眠地的花丛」,2025-03-28 20:00:00,3548472,139714,31069,18828,14196,11461,49461,694,BV1WToXYMEpB,114237707912310
《崩坏：星穹铁道》万敌角色PV——「人之怒」,2025-03-14 12:00:00,5049897,266730,66740,45998,29697,32075,96576,471,BV16FQwYGE8k,114153133967884
《崩坏：星穹铁道》走近星穹——「万敌：悬锋人的字典里没有类固醇」,2025-03-12 12:00:00,2110962,141444,22855,28694,9412,8485,24423,480,BV1i8QGYaEFh,114143889720169
《崩坏：星穹铁道》走近星穹——「千面英雄」特别节目,2025-02-26 12:00:00,2006145,148405,27806,36943,7194,9616,36169,655,BV14KPeerEKu,114064650929686
《崩坏：星穹铁道》缇宝角色PV——「童言无忌」,2025-02-25 12:00:00,6133965,300701,72721,32581,23010,33638,107992,536,BV16HPsezEgp,114057168293709
《崩坏：星穹铁道》黄金史诗PV：「命运的第一个黎明」,2025-02-21 12:00:00,4289473,267518,64362,20385,15204,34730,94605,735,BV1sZAnevEsh,114035257248165
《崩坏：星穹铁道》走近星穹——「缇宝：怎么缇都有面儿」,2025-02-19 12:00:00,2274776,145166,17407,5531,16334,8542,24208,381,BV1T8AhevEDM,114024704446437
《崩坏：星穹铁道》3.1版本「门扉之启，王座之终」前瞻特别节目,2025-02-14 20:30:00,2202060,95206,16651,25324,15653,3027,17837,2382,BV1eYKAezEpu,114001132388770
《崩坏：星穹铁道》3.1版本PV：「‍门扉之启，王座之终」,2025-02-14 20:00:00,2527103,102366,16533,20095,8066,7534,22638,643,BV1AaKweHEna,113999924432720
《崩坏：星穹铁道》阿格莱雅角色PV——「致命浪漫」,2025-01-31 12:00:00,5620769,282045,51556,32685,36226,20095,69212,575,BV1ADFNe5EAG,113893372330973
《崩坏：星穹铁道》走近星穹——「阿格莱雅：文明上网，人人有责」,2025-01-29 12:00:00,2275238,162240,21835,28518,11210,7189,26525,463,BV1ATFNeyEhB,113893842226174
叽米VS帕姆！谁能当选宇宙代言人？,2025-01-22 12:00:00,1386088,139245,13852,28641,6990,9773,17934,161,BV1fWwYepE1V,113866042245938
《崩坏：星穹铁道》EP：「洞穴寓言」,2025-01-19 12:00:00,1923732,130816,21252,11855,8930,4070,23391,265,BV1XxcReqEtf,113843393005896
《崩坏：星穹铁道》大黑塔角色PV——「宇宙有天才」,2025-01-14 12:00:00,11073159,520788,157569,151757,24732,64535,205473,609,BV1tXckehEd3,113818764054408
《崩坏：星穹铁道》神话开篇PV：「诸神尽喑之歌」,2025-01-12 12:00:00,4975021,270156,55543,36555,16943,39370,96857,333,BV1KbcNepEzt,113810442555204
《崩坏：星穹铁道》动画短片：「大 黑 塔 的 魔 法 厨 房」,2025-01-10 12:00:00,7435939,477018,163607,68910,16441,62803,179936,714,BV1cErqYDEGC,113796181921685
《崩坏：星穹铁道》走近星穹——「大黑塔：你的帽子怎么尖尖的？」,2025-01-08 12:00:00,4693173,284959,53044,237736,10665,38036,65922,567,BV1YprQY5Euo,113787021624650
《崩坏：星穹铁道》走近星穹——「开拓者•记忆：叽米是梦的开场白」,2025-01-07 18:00:00,2789637,178030,23039,52428,9783,13815,25269,578,BV1zgrMYYE2E,113776066036455
《崩坏：星穹铁道》千星纪游PV：「群星静默如谜」,2025-01-07 12:00:00,5325594,320682,81507,51863,12432,30940,110747,755,BV1dCr3YqEtT,113779908020998
开拓必看！打卡开拓星神都没去过的翁法罗斯！,2025-01-05 12:00:00,2990082,270727,53229,51453,10404,29603,122790,968,BV1NQrxYbEvL,113770898655052
《崩坏：星穹铁道》翁法罗斯主题曲MV——「何者」,2025-01-03 12:00:00,6089624,287411,122974,25505,12837,22644,149828,177,BV1yX66YcEPk,113758701684558
《崩坏：星穹铁道》3.0版本「再创世的凯歌」前瞻特别节目,2025-01-01 20:50:00,3237280,147407,30334,86797,12417,7801,43568,3699,BV1Js6HYqE9m,113747125339257
《崩坏：星穹铁道》OP：「何者」,2025-01-01 20:00:00,18716303,624867,288238,162607,46089,126529,399471,199,BV1Nm67YKEZv,113745279845741
《崩坏：星穹铁道》太古颂歌PV：「论泰坦与地上万邦」,2024-12-30 18:00:00,5603689,342846,64281,47177,16225,51027,120618,830,BV1uf6tYBEWN,113734223660460
《崩坏：星穹铁道》忘归人角色PV——「子不语」,2024-12-24 12:00:00,5595853,363402,107743,37427,13572,51165,185406,572,BV13XCGYMEK8,113701071881646
《崩坏：星穹铁道》千星纪游PV：「不似一片浮云」,2024-12-20 12:00:00,3099342,266611,58167,15640,6486,19568,93003,670,BV12xkMYjEio,113677432849170
《崩坏：星穹铁道》走近星穹——「忘归人：尾大，无需多言」,2024-12-18 12:00:00,2134761,164125,20692,5888,7331,13664,32941,407,BV1BckJYAEht,113668272490776
《崩坏：星穹铁道》TGA参展视频：「你所不曾抵达的世界」,2024-12-14 12:00:00,2548056,202872,37276,9436,8206,15171,58853,382,BV1yqBMYPENa,113644834654134
《崩坏：星穹铁道》星期日角色PV——「独奏者」,2024-12-03 12:00:00,5859334,347167,106973,45256,31525,52066,176386,556,BV1Dg6AYNEpD,113581198805442
《崩坏：星穹铁道》千星纪游PV：「太阳落下之后」,2024-11-29 12:00:00,3989884,319229,73157,15306,11362,28284,115502,865,BV1ZBzhYREVs,113560092935193
《崩坏：星穹铁道》走近星穹——「星期日：今天怎么才周三！」,2024-11-27 12:00:00,2693887,196604,33209,29722,10003,18715,40979,355,BV1aYz3YtE2F,113549003263997
《崩坏：星穹铁道》2.7版本「在第八日启程」前瞻特别节目,2024-11-22 20:40:00,2954717,145183,30000,78674,10903,6284,39177,2382,BV1R8UUY4EBJ,113520213495602
《崩坏：星穹铁道》黄金史诗PV：「翁法罗斯英雄纪」,2024-11-22 20:00:00,11023774,513991,164817,210158,53585,154239,298014,1161,BV1GeUUYREXy,113520163229242
《崩坏：星穹铁道》2.7版本PV：「‍在第八日启程」,2024-11-22 19:45:00,2893156,119702,19625,3304,4874,6915,29248,553,BV1c7UUYiELE,113520079277727
《崩坏：星穹铁道》走近星穹——「不可知域」特别节目,2024-10-22 18:00:00,2180344,143477,20155,16166,6659,8172,21379,380,BV1EBynYCEhs,113348733570135
《崩坏：星穹铁道》乱破角色PV——「不乱不破」,2024-10-21 12:00:00,12313795,492757,179686,36715,22222,81072,218839,515,BV1yyC1YQEpk,113327963376490
《崩坏：星穹铁道》动画短片：「银河忍法帖•乱武驱魔破邪斩月之卷」,2024-10-18 12:00:00,4259669,326236,62133,32012,7479,35819,66078,670,BV13pyPYSEar,113320749174529
《崩坏：星穹铁道》走近星穹——「乱破：白枭•忍者爆发四散之卷」,2024-10-16 12:00:00,1710041,120672,15634,5365,3726,5265,15721,428,BV1722ZYDEam,113311152735883
《崩坏：星穹铁道》2.6版本「毗乃昆尼末法世记」前瞻特别节目,2024-10-11 20:45:00,2775787,133173,26496,28261,6650,5003,31731,2015,BV1Sy2mY3E7z,113287345800947
《崩坏：星穹铁道》2.6版本PV：「‍毗乃昆尼末法世记」,2024-10-11 20:00:00,3028486,114294,17226,5588,4695,6684,21165,639,BV1eM2gY3EKx,113281574437386
《崩坏：星穹铁道》灵砂角色PV——「燎沉香」,2024-09-27 12:00:00,3770046,219212,40063,9800,6862,16357,55637,400,BV1WixjeCEap,113202755012355
《崩坏：星穹铁道》走近星穹——「灵砂：去哪里买能闻到香味的手机？」,2024-09-25 12:00:00,1774592,129009,16340,8222,4939,5915,19675,423,BV12tsheHEVm,113191128403831
内容爆炸！《崩坏3》×《崩坏：星穹铁道》联动幕后揭秘,2024-09-19 12:00:00,5276953,404507,139037,118408,16846,114435,166136,634,BV1YUtVeREs3,113156298900552
《崩坏：星穹铁道》飞霄角色PV——「君莫笑」  ‌,2024-09-09 12:00:00,6752974,382687,113979,27850,18348,60120,155870,575,BV1s2pBevEoN,113103551336384
全网首发！揭秘狐人英雄的真面目——《崩坏：星穹铁道》星间纪实,2024-09-08 12:00:00,1733609,184285,34678,18056,20476,33497,81634,664,BV1v1HQeSEce,113090213511864
《崩坏：星穹铁道》动画短片：「清闲自在身」,2024-09-06 12:00:00,8640724,545588,247010,30319,15992,82372,242939,638,BV1WvpTekEPQ,113082630211045
《崩坏：星穹铁道》走近星穹——「貊泽：千里不留行」,2024-09-05 12:00:00,1046496,84191,8035,2523,2618,2194,6805,298,BV1eJpFezEZt,113078536503892
《崩坏：星穹铁道》走近星穹——「飞霄：如何练就西瓜般的腱子肉」,2024-09-04 12:00:00,1845507,133507,19411,7049,4070,5639,21073,382,BV1xaHWeREhF,113073453007731
《崩坏：星穹铁道》千星纪游PV：「飞镝追星」,2024-09-03 12:00:00,4335093,309040,71745,19942,10513,29293,107868,601,BV1TT421z7e3,1706607450
《崩坏：星穹铁道》2.5版本「碧羽飞黄射天狼」前瞻特别节目,2024-08-30 20:35:00,2466917,134949,23900,40635,9694,4834,28675,2298,BV1ox4y1s71J,1006589612
《崩坏：星穹铁道》2.5版本PV：「‍碧羽飞黄射天狼」,2024-08-30 20:00:00,2573793,104379,15299,4332,6894,4866,21241,643,BV1mM4m1a7Te,1306646812
《崩坏：星穹铁道》星穹研习会05期——「太空歌剧」,2024-08-23 12:00:00,1101921,102782,12719,4718,3009,4376,22390,932,BV1HM4m1Y79E,1306729813
《崩坏：星穹铁道》Gamescom参展视频——「罗浮评书•新章速递」,2024-08-21 12:00:00,2291485,185426,27739,6227,8234,34071,36341,389,BV1o4421Z7q4,1756444965
《崩坏：星穹铁道》椒丘角色PV——「销魂饭」,2024-08-16 12:00:00,3844753,323334,62496,18414,12832,45359,80297,470,BV1ar421K7Wn,1406443117
《崩坏：星穹铁道》走近星穹——「椒丘：你在椒我做事？」,2024-08-14 12:00:00,1952524,160083,21419,9291,5415,7715,21308,372,BV1p2421Z7af,1606473564
《崩坏：星穹铁道》走近星穹——「三月七•巡猎：星穹列车第一神剑」,2024-07-31 12:00:00,2484151,175121,24259,10615,5489,6141,30276,504,BV16M4m1y7Yf,1306310070
《崩坏：星穹铁道》云璃角色PV——「误打误撞」,2024-07-30 12:00:00,6809637,459740,122809,38747,18353,85248,210996,577,BV1HM4m1y76Y,1306280633
《崩坏：星穹铁道》千星纪游PV：「天干剑燥，小心火炉」,2024-07-26 12:00:00,4433927,364641,68173,13312,14066,36493,88827,620,BV1xi421a7mg,1456462201
《崩坏：星穹铁道》走近星穹——「云璃：光脚的不怕穿鞋的」,2024-07-24 12:00:00,2773629,204629,26362,16685,6068,12236,31245,478,BV1yT42167MM,1706365399
《崩坏：星穹铁道》2.4版本「明霄竞武试锋芒」前瞻特别节目,2024-07-19 20:45:00,2757850,147950,25885,35664,9152,5649,29111,1998,BV1gb42177bS,1806446115
《崩坏：星穹铁道》2.4版本PV：「明霄竞武试锋芒」,2024-07-19 20:00:00,3386594,158333,24137,7122,8735,11792,34711,607,BV1Tm42137LW,1606339178
《崩坏：星穹铁道》千星纪游PV：「石心誓环•天平两端」,2024-07-14 12:00:00,6399379,386981,126537,37343,16369,81583,157111,788,BV1xE4m1R78a,1256227846
《崩坏：星穹铁道》翡翠角色PV——「欲望收藏」,2024-07-09 12:00:00,3446701,265202,49094,7545,7279,39773,59482,501,BV19i421Y7q1,1456192687
《崩坏：星穹铁道》走近星穹——「翡翠：升舱的钱我来出」,2024-07-03 12:00:00,2353951,182419,20715,8477,6230,12867,23792,463,BV1nT421k75K,1706191009
《崩坏：星穹铁道》美梦谢幕PV：「塔塔洛夫向你致意」,2024-06-20 12:00:00,6770330,522161,177982,36744,18859,53145,303339,618,BV1fx4y147PH,1005939930
《崩坏：星穹铁道》走近星穹——「差分宇宙」特别节目,2024-06-19 11:00:00,3087006,224377,44223,27952,16913,18050,55215,636,BV1Kx4y1t7fj,1005964065
《崩坏：星穹铁道》流萤角色PV——「壳中萤火」,2024-06-18 12:00:00,9597926,705783,267674,69334,48280,130284,585955,745,BV1jE421A7qK,1655967357
《崩坏：星穹铁道》动画短片：「格拉默的余烬」,2024-06-14 12:00:00,11262681,859506,351272,69677,72359,218771,736527,1459,BV1us421u7sp,1855554441
《崩坏：星穹铁道》走近星穹——「流萤：海洋防火刻不容缓」,2024-06-12 12:00:00,5204475,353565,73969,38692,17254,27012,116206,454,BV1u7421d7Yx,1655652966
《崩坏：星穹铁道》千星纪游PV：「此刻，在同一片星空下」,2024-06-11 12:00:00,5607608,479650,158086,36295,62227,100769,301555,932,BV16s421u7NP,1855658481
《崩坏：星穹铁道》SGF参展视频——「做梦的艺术」,2024-06-08 12:00:00,3260550,243383,51572,6972,9552,23277,80334,381,BV1GM4m1S7by,1305621672
《崩坏：星穹铁道》2.3版本「再见，匹诺康尼」前瞻特别节目,2024-06-07 20:45:00,3681963,186335,41441,44892,10118,8195,50123,2064,BV1XJ4m1g7pA,1255574000
《崩坏：星穹铁道》2.3版本PV：「再见，匹诺康尼」,2024-06-07 20:00:00,4569427,209079,39899,11971,10241,19776,67535,721,BV1uJ4m1g73b,1255462405
《崩坏：星穹铁道》波提欧角色PV——「牛仔很忙」,2024-05-24 12:00:00,8598838,473902,138590,36167,29103,115080,200909,538,BV1Zr421j73W,1404801742
《崩坏：星穹铁道》走近星穹——「波提欧：超级无敌爱你」,2024-05-22 12:00:00,4037186,239249,44227,15514,8792,19768,36921,401,BV1PZ421x7d3,1154913284
《崩坏：星穹铁道》遥远星球之歌VOL.3：我在匹诺康尼听音乐,2024-05-13 12:00:00,1896032,170511,31118,9987,5458,7297,72232,918,BV1Yw4m197jA,1104353912
《崩坏：星穹铁道》EP：「希望有羽毛和翅膀」,2024-05-11 12:00:00,19475240,679077,442799,86279,22019,89932,522853,178,BV1Tf421m7iW,1204445882
《崩坏：星穹铁道》EP：「使一颗心免于哀伤」,2024-05-09 12:00:00,9993197,451011,283401,16332,11104,49120,276355,207,BV15x4y1i7m9,1004375259
《崩坏：星穹铁道》走近星穹——「开拓者•同谐：为了从梦中醒来的明天」,2024-05-08 20:00:00,4036035,244662,42266,10510,14219,11476,47899,294,BV1e142167MC,1554092493
《崩坏：星穹铁道》知更鸟角色PV——「孤独摇摆」,2024-05-07 12:00:00,16749255,717677,361645,35567,22984,156594,419390,526,BV1Am411y7iK,1904093475
《崩坏：星穹铁道》「2024星铁LIVE」演唱会官方录播完整版,2024-05-06 12:00:00,4937893,374960,227325,101136,11616,48868,314626,7231,BV1ZH4y1V7AE,1054074499
《崩坏：星穹铁道》千星纪游PV：「假若有一双翅膀」,2024-05-03 12:00:00,3391787,296624,70023,12679,7634,25816,102899,926,BV1wz421U7LZ,1353991909
《崩坏：星穹铁道》走近星穹——「知更鸟：『人生如歌』演唱会火热预售中」,2024-05-01 12:00:00,2859673,189124,25632,11880,5124,10372,30103,412,BV1cD421M7nj,1503862135
《崩坏：星穹铁道》演唱会动画CM：「演出开始前」,2024-04-30 12:00:00,6571153,504054,172518,17584,10079,76021,215831,107,BV1Dr421u7fQ,1403976019
《崩坏：星穹铁道》 2.2版本「等醒来再哭泣」前瞻特别节目,2024-04-26 20:30:00,3548542,180005,46081,39781,6883,7772,48308,2104,BV1nF4m1w7tw,1203554651
《崩坏：星穹铁道》2.2版本PV：「等醒来再哭泣」,2024-04-26 20:00:00,5567874,230164,45226,8976,12812,25133,68862,610,BV1BD421J7o1,1503510181
《崩坏：星穹铁道》走近星穹——「砂金：硬币到底在哪只手里？」,2024-04-17 12:00:00,2514215,171269,52595,19686,8214,11315,40886,411,BV16m411B7yW,1903046434
《崩坏：星穹铁道》砂金角色PV——「金手指」,2024-04-16 12:00:00,8213281,464565,193745,38058,29084,86250,256697,539,BV12x421m7K9,1753101727
「决战！大宇宙开拓豪侠传」电影预告,2024-04-01 13:00:00,4956016,484188,93298,34355,20125,142182,197241,862,BV1qf421o7Cu,1202599102
《崩坏：星穹铁道》走近星穹——「加拉赫：少喝饮料多喝水」,2024-03-28 12:00:00,1867610,110655,11059,3026,8108,2461,8049,244,BV1Zu4m1T718,1302271494
《崩坏：星穹铁道》走近星穹——「黄泉：又一场雨，一 ㄋ 宀 匚 」,2024-03-27 12:00:00,3404294,187385,29229,10072,8665,6304,32271,409,BV1Y1421D7Cx,1552404990
《崩坏：星穹铁道》黄泉角色PV——「你的颜色」,2024-03-26 12:00:00,12134126,596898,235495,45931,30297,194659,396523,688,BV1Ri421X7sS,1452066567
《崩坏：星穹铁道》千星纪游PV：「虚谭•浮世三千一刀缭断」,2024-03-22 12:00:00,7265484,462374,143897,56507,34508,140750,262114,974,BV16m411R78H,1902006160
《崩坏：星穹铁道》动画短片：「永劫轮舞」,2024-03-19 12:00:00,10278433,624109,245782,40724,34094,238977,414132,1242,BV1aC411h7e6,1951801750
《崩坏：星穹铁道》 2.1版本「狂热奔向深渊」前瞻特别节目,2024-03-16 21:45:00,3256254,185090,32859,57379,11351,7802,69194,4855,BV1eD421E7Vi,1501755106
《崩坏：星穹铁道》2.1版本PV：「狂热奔向深渊」,2024-03-16 20:00:00,5262453,202508,33134,10753,9530,16496,61588,713,BV1Hr421n7h1,1401795575
《崩坏：星穹铁道》走近星穹——「花火：技能解说稿（标题记得改）」,2024-02-29 12:00:00,3623049,198213,33704,12484,7792,7791,33455,435,BV1oZ421C73X,1151092422
《崩坏：星穹铁道》花火角色PV——「独角戏」,2024-02-28 12:00:00,21563004,899344,486877,72084,54591,295356,556170,501,BV1mW421A7nM,1851090507
《崩坏：星穹铁道》千星纪游PV：「《花火》：幕后纪录」,2024-02-25 12:00:00,6577234,440101,148324,24917,23516,99462,191503,678,BV1cC411W7pH,1950893494
《崩坏：星穹铁道》EP：「飞来波的圣状（下篇）」,2024-02-21 12:00:00,1924653,133146,14668,3574,3631,2951,17114,203,BV1F6421u7MP,1400845719
《崩坏：星穹铁道》EP：「飞来波的圣状（上篇）」,2024-02-16 12:00:00,2096254,169712,18375,3845,4380,4888,24016,218,BV1Eu4m1P7PW,1300505388
《崩坏：星穹铁道》钟表小子系列动画：「欢迎来到美梦小镇！」,2024-02-13 12:00:00,3805855,355528,71451,17956,9004,51127,143967,283,BV1H2421c7sX,1600422644
《崩坏：星穹铁道》动画短片：「太平临新岁」,2024-02-08 12:00:00,3531902,377270,104597,28048,11361,40062,194203,926,BV1oy42187PK,1550370393
《崩坏：星穹铁道》走近星穹——「米沙：您的盛会之星小帮手」,2024-02-07 18:00:00,1719561,102289,10325,7613,9308,2032,7062,347,BV19p421d76F,1850272333
米哈云游研发纪录片——开启无边界的游戏世界,2024-02-07 12:00:00,1320105,133160,16338,13189,7579,11476,35641,458,BV1DZ421z71n,1150260955
《崩坏：星穹铁道》走近星穹——「黑天鹅：命运啊，你往何处去？」,2024-02-06 12:00:00,2334105,135645,19974,7437,7444,9055,20256,453,BV176421u7o1,1400385445
《崩坏：星穹铁道》黑天鹅角色PV——「摇篮曲」,2024-02-05 12:00:00,3973375,240871,50551,11426,9792,35014,71571,484,BV1St421W7V1,1800130077
《崩坏：星穹铁道》星穹研习会04期——「走近梦境」,2024-02-03 12:00:00,1689042,152568,16377,10005,3758,7677,27659,847,BV1m6421G7bn,1400013839
《崩坏：星穹铁道》千星纪游PV：「旧梦重温」,2024-02-01 12:00:00,3179835,229492,33909,8581,7558,22949,50932,630,BV1FZ421z7PE,1150091729
紧急爆料！匹诺康尼幕后秘闻大公开！,2024-01-30 12:00:00,3964582,359204,65553,46011,9344,45852,143490,888,BV1DV411S7Mh,411901177
《崩坏：星穹铁道》「不眠之夜」舞蹈MV,2024-01-28 12:00:00,4519214,389210,73482,8156,6347,32901,96022,135,BV1Se411Y7ZE,239303753
开云！星穹铁道,2024-01-27 18:00:00,1165671,107726,7649,2031,2686,6874,8250,189,BV1ta4y1C76q,666829437
《崩坏：星穹铁道》 2.0版本「假如在午夜入梦」前瞻特别节目,2024-01-26 20:45:00,4417357,213946,38201,60421,12849,13080,66455,3200,BV15N4y1J75R,879287770
《崩坏：星穹铁道》OP：「不眠之夜」,2024-01-26 20:00:00,49717734,1759551,1024185,105498,108267,519468,1443185,200,BV1me411n7eu,241638384
《崩坏：星穹铁道》美梦预告PV：「了不起的塔塔洛夫」,2024-01-24 12:00:00,4732347,312131,50526,13199,10560,62447,73524,375,BV1VC4y1k7dy,794248056
《崩坏：星穹铁道》匹诺康尼旅游宣传动画：「滴答！一起来梦游吧！」,2024-01-21 12:00:00,4425018,351846,51107,23221,13951,73966,100318,834,BV1iC4y1C7KV,793989950
《崩坏：星穹铁道》千星纪游PV：「永火一夜：第33场」,2024-01-19 12:00:00,6747697,341265,63018,25026,35652,95637,93939,751,BV1UK411e7tY,496474809
《崩坏：星穹铁道》走近星穹——「真理医生：我有知识我自豪」,2024-01-17 12:00:00,2101107,140177,19259,7717,3546,4103,18847,360,BV1q5411e7wm,453829729
《崩坏：星穹铁道》真理医生角色PV——「愚不可及」,2024-01-12 12:00:00,5760480,330923,81914,26154,12496,51163,108117,443,BV1ok4y1Q7Am,751240835
《崩坏：星穹铁道》走近星穹——「雪衣：偃偶少女会不会受伤」,2023-12-29 12:00:00,1422366,97511,8708,2297,3524,2344,8877,238,BV1Ea4y1z7pE,665495309
《崩坏：星穹铁道》走近星穹——「模拟宇宙：黄金与机械」特别节目,2023-12-28 12:00:00,1514330,106100,10121,4102,4185,2663,12633,487,BV1de411i7ed,240395275
《崩坏：星穹铁道》走近星穹——「阮•梅：玩模拟宇宙就是要吃阮饭」,2023-12-27 12:00:00,1926605,134786,15620,6735,6793,4504,21651,374,BV15i4y1h79i,537783800
《崩坏：星穹铁道》阮•梅角色PV——「万物生」,2023-12-26 12:00:00,4509548,295193,63861,12226,9646,40013,107826,446,BV1rj411J7sN,452772566
《崩坏：星穹铁道》千星纪游PV：「阮声落华裳，梅出似点妆」,2023-12-22 12:00:00,5259398,394738,100435,23153,18553,83315,198593,754,BV1pb4y1V7Qw,622525773
《崩坏：星穹铁道》1.6版本「庸与神的冠冕」前瞻特别节目,2023-12-15 20:45:00,4450250,238544,44799,87933,15984,14745,96676,2234,BV1si4y1e7GL,537347332
《崩坏：星穹铁道》1.6版本PV：「庸与神的冠冕」,2023-12-15 20:00:00,3837533,185224,22311,14009,11328,7955,49695,678,BV1zj411p7KH,452268770
《崩坏：星穹铁道》TGA参选视频：「常看常新的故事」,2023-12-08 12:00:00,3327479,242809,34659,9935,11229,38702,62184,398,BV1qb4y1L7mD,621875710
《崩坏：星穹铁道》走近星穹——「寒鸦：杜绝加班，远离魔阴」,2023-12-07 12:00:00,1380698,101213,9161,2074,2183,2053,8688,303,BV1DN411L7bm,494264777
《崩坏：星穹铁道》走近星穹——「银枝：花瓣去哪儿了？」,2023-12-06 12:00:00,1534792,101659,10355,4461,4478,2832,10964,302,BV1zu4y1g7x8,921828164
《崩坏：星穹铁道》银枝角色PV——「骑士文学」,2023-12-01 12:00:00,5659034,304537,63431,14103,15604,69614,80975,490,BV1JH4y117k5,964057935
《崩坏：星穹铁道》走近星穹——「藿藿：战胜恐惧的唯一办法…逃跑！」,2023-11-15 12:00:00,2172261,131244,20412,6314,4614,6545,16889,357,BV1Lu411F7Q8,535933894
《崩坏：星穹铁道》藿藿角色PV——「回魂夜」,2023-11-14 12:00:00,7710475,351462,102344,14705,13010,76142,124923,500,BV1mj411E7eB,450996284
《崩坏：星穹铁道》千星纪游PV：「绥园伏鬼记」,2023-11-10 12:00:00,5501361,326695,75400,8380,7534,58945,97195,516,BV1Xw411K7Mg,278183117
《崩坏：星穹铁道》走近星穹——「桂乃芬：锣鼓一响，好戏开场！」,2023-11-05 12:00:00,1713925,127205,10652,3863,2761,4395,14199,247,BV1oN411u7iT,493120690
《崩坏：星穹铁道》 1.5版本「迷离幻夜谈」前瞻特别节目,2023-11-03 20:45:00,2200569,129485,16982,28117,4421,4924,27012,1931,BV1TG411y78s,407884229
《崩坏：星穹铁道》1.5版本PV：「迷离幻夜谈」,2023-11-03 20:00:00,3027651,149714,19548,4756,4023,9425,27962,686,BV1Uu4y1h7RG,917894033
《崩坏：星穹铁道》走近星穹——「托帕&账账：债务优化，迎面变局」,2023-10-27 12:00:00,1983598,130293,14929,4673,5270,4798,18299,419,BV1D84y1R7Uc,620207064
《崩坏：星穹铁道》托帕&账账角色PV——「专家教学」,2023-10-26 12:00:00,5063341,280396,59599,14632,9419,32865,77477,470,BV1kN4y1r7AL,875051690
崩跑吧，开拓者！,2023-10-25 18:00:00,1359116,115837,9056,2712,2842,15222,10510,240,BV1Gg4y1d7bi,832586304
《崩坏：星穹铁道》千星纪游PV：「星际和平导览：甄选、规划和机遇」,2023-10-22 12:00:00,4130115,273306,44701,14419,11250,37748,65068,730,BV1ny4y1P7SN,789947326
《崩坏：星穹铁道》走近星穹——「镜流：名师出高徒」,2023-10-11 12:00:00,2327483,136300,20492,8426,6280,3958,23024,363,BV1iu411K75L,534550140
《崩坏：星穹铁道》镜流角色PV——「剑出无回」,2023-10-10 12:00:00,7851041,381745,111507,26826,17195,98456,193753,448,BV1vw411r7yL,321985838
《崩坏：星穹铁道》现实邀约PV：「一起出去玩嘛！」,2023-10-08 12:00:00,2916339,294789,74027,6487,7121,40639,89880,102,BV15H4y1o75F,961987511
《崩坏：星穹铁道》千星纪游PV：「云骑武经•说剑」,2023-10-06 12:00:00,5523924,360791,87081,23102,11682,69717,145736,588,BV12N4y1o7ET,874322540
《崩坏：星穹铁道》1.4版本「冬梦激醒」前瞻特别节目,2023-09-29 20:45:00,3207057,220953,44882,52114,8862,11691,85601,2462,BV1XH4y1m7f2,961411320
《崩坏：星穹铁道》1.4版本PV：「冬梦激醒」,2023-09-29 20:00:00,3058935,158404,17482,5716,5468,9357,27019,712,BV1U34y1G73e,831600112
《崩坏：星穹铁道》星穹研习会03期——「预测未来」,2023-09-24 12:00:00,1159275,110696,11932,8030,3318,4891,23984,770,BV1sk4y1c7U3,746297330
《崩坏：星穹铁道》TGS参展视频：「掌中宇宙」,2023-09-22 19:00:00,1493403,129545,12635,2621,4599,8751,15013,109,BV1by4y1F7dx,788675982
《崩坏：星穹铁道》走近星穹——「玲可：大的药来了！」,2023-09-21 12:00:00,1350021,101161,7600,2825,3575,2926,8696,243,BV1A34y1N7cD,831132020
星穹铁道教你0基础做美食,2023-09-20 18:00:00,3558031,348544,47797,18355,8847,109723,53338,106,BV1ty4y1F7mU,788672172
《崩坏：星穹铁道》走近星穹——「符玄：世纪难题之下任将军究竟何时赴任？」,2023-09-20 12:00:00,2332888,143827,20447,10353,8936,5168,26997,374,BV1tw411e7ux,321149932
《崩坏：星穹铁道》符玄角色PV——「法眼无遗」,2023-09-15 12:00:00,6488548,369174,82492,25552,14790,70445,146655,460,BV1R94y1W7pL,363466092
《崩坏：星穹铁道》走近星穹——「模拟宇宙：寰宇蝗灾」特别节目,2023-09-06 14:00:00,2046953,147656,15563,7965,12690,5460,22392,538,BV1fF41167RN,275669752
《崩坏：星穹铁道》走近星穹——「丹恒•饮月：神秘男子的隐藏实力」,2023-08-30 12:00:00,2051858,149044,20636,8554,8315,5850,21958,348,BV1qN4y1R7cu,872850576
《崩坏：星穹铁道》动画短片：「玄黄」,2023-08-29 12:00:00,7408532,593228,213829,38438,28596,142293,347236,1381,BV1Th4y1S7KF,660290755
《崩坏：星穹铁道》千星纪游PV：「仙舟通鉴•五龙远徙」,2023-08-27 12:00:00,4492622,344964,80013,15147,16557,55061,125131,741,BV1nu4y1D7Ex,830253390
《崩坏：星穹铁道》丹恒•饮月角色PV——「归去来」,2023-08-25 12:00:00,6667377,401238,108664,25473,21107,103052,154720,433,BV1dF411C77c,275161560
《崩坏：星穹铁道》Gamescom参展视频：「神策府总司一切大小事务将军」,2023-08-23 10:00:00,2149414,196584,24868,5501,6713,16575,31204,116,BV13p4y1K7Qn,960067455
《崩坏：星穹铁道》1.3版本「天镜映劫尘」前瞻特别节目,2023-08-18 20:45:00,2574727,153739,21747,35465,8178,6257,26992,1689,BV1SX4y1W7fi,359994926
《崩坏：星穹铁道》1.3版本PV：「天镜映劫尘」,2023-08-18 20:00:00,3744914,186588,23560,8055,8434,12423,38073,680,BV1CG411f7Aq,404970937
《崩坏：星穹铁道》千星纪游PV：「耶佩拉叛乱：第47场」,2023-08-13 12:00:00,5802327,415509,96265,26296,22237,84404,162251,730,BV1Nu411H7C6,532132844
《崩坏：星穹铁道》走近星穹——「卢卡：义肢打拳是否犯规？」,2023-08-10 12:00:00,1090306,99313,6119,3273,3378,2007,6822,302,BV1Tj41167WW,447097786
《崩坏：星穹铁道》走近星穹——「卡芙卡：西装丽人的另一面」,2023-08-09 12:00:00,2591929,176547,24358,10263,10039,5950,30343,272,BV1L14y1q7ox,787082672
《崩坏：星穹铁道》卡芙卡角色PV——「戏剧性反讽」,2023-08-08 12:00:00,15475940,818357,318128,64004,37799,271036,512991,491,BV1MN41187U6,489490462
《崩坏：星穹铁道》遥远星球之歌VOL.2：仙舟的音乐戏法,2023-07-23 12:00:00,1963679,218005,32978,8181,6919,10851,74895,716,BV1Rp4y1V7Jq,956333941
《崩坏：星穹铁道》EP：「水龙吟」,2023-07-20 12:00:00,17260599,869215,403313,47661,30778,183225,537450,192,BV1EF411X7PF,273649843
《崩坏：星穹铁道》走近星穹——「刃：永生者的美景」,2023-07-19 12:00:00,2468180,157508,20238,5355,7349,4310,20658,279,BV1Nx4y1d7aj,998611953
《崩坏：星穹铁道》刃角色PV——「死兆将至」,2023-07-14 12:00:00,17000245,754125,271438,47973,146234,301236,405537,473,BV12h4y1j7Pw,615928101
《崩坏：星穹铁道》1.2版本「仙骸有终」前瞻特别节目,2023-07-08 20:45:00,2981756,175616,26743,44892,7283,8259,33132,1748,BV1SP411C7Dt,315692318
《崩坏：星穹铁道》1.2版本PV：「仙骸有终」,2023-07-08 19:45:00,6411699,263807,38384,11436,10182,27481,53960,797,BV1xg4y1P75E,828085945
《崩坏：星穹铁道》走近星穹——「驭空：罗浮司舵竟曾是飙车族」,2023-06-29 12:00:00,1364965,104853,7289,1764,3356,1576,9157,196,BV1S14y127Mz,785276677
《崩坏：星穹铁道》走近星穹——「罗刹：棺材中的隐秘」,2023-06-28 12:00:00,2016817,141580,13936,6822,10243,5580,21001,291,BV1XV4y1y7mT,870258268
《崩坏：星穹铁道》罗刹角色PV——「行者明誓」,2023-06-23 12:00:00,5490398,342870,59726,18598,24650,69608,97538,446,BV1PV4y1y77C,870098599
《崩坏：星穹铁道》SGF参展视频：「宇宙游戏」,2023-06-09 12:00:00,1746223,143693,14665,1922,4423,3854,17918,104,BV1zz4y1v7r8,572032334
《崩坏：星穹铁道》走近星穹——「银狼：宇宙第一天才骇客！」,2023-06-07 12:00:00,2638861,167642,24154,5728,8854,4749,26760,271,BV1gu4y1Z7cu,826898816
《崩坏：星穹铁道》银狼角色PV——「有点意思」,2023-06-02 12:00:00,8199857,449845,114759,28328,21125,82000,149353,412,BV15o4y1u7pH,399300250
《崩坏：星穹铁道》1.1版本PV：「银河漫游」,2023-05-27 12:00:00,5217608,202178,26409,5013,11220,10568,34710,687,BV1XT41147q3,486518276
《崩坏：星穹铁道》1.1版本「银河漫游」前瞻特别节目,2023-05-26 20:45:00,3152335,186302,27030,31166,15204,11607,37057,1793,BV1Xu411W7Sp,529014161
《崩坏：星穹铁道》走近星穹——「景元：闭目将军睁眼的真相」,2023-05-17 18:00:00,2435740,156789,19087,6778,14231,6030,25113,325,BV17s4y1M7bn,953720619
《崩坏：星穹铁道》景元角色PV——「天地为枰」,2023-05-13 12:00:00,10057795,499977,128630,31987,28683,161154,203868,495,BV11z4y187KN,571105538
《崩坏：星穹铁道》动画短片：「飞光」,2023-05-10 12:00:00,10825280,665566,213847,33720,34733,233713,372319,1089,BV16g4y157Zc,825896326
《崩坏：星穹铁道》千星纪游PV：「仙舟通鉴•帝弓七天将」,2023-05-07 12:00:00,7346703,399822,80963,38954,20384,79109,130913,983,BV19o4y1x7tX,398359938
《崩坏：星穹铁道》列车环游记 • 黟县站,2023-05-06 12:00:00,1021259,95220,8753,3034,3260,5121,13426,348,BV1Qh411L7ES,228250207
《崩坏：星穹铁道》星穹研习会02期——「畅想银河」,2023-05-05 18:00:00,1141099,125584,19836,4994,6171,13184,55280,657,BV1Xo4y1x7t9,398354669
《崩坏：星穹铁道》千星纪游PV：「有关星空的寓言集•其一」,2023-05-03 12:00:00,9726712,446313,123484,40434,31119,84131,159186,951,BV1EM4y1h7Vm,910672099
《崩坏：星穹铁道》遥远星球之歌VOL.1：雅利洛-Ⅵ,2023-05-02 12:00:00,1372561,123959,16338,5206,5374,5215,35064,978,BV1sz4y1h7iM,570714909
《崩坏：星穹铁道》走近星穹——「瓦尔特：重返一线育新苗」,2023-05-01 12:00:00,3704413,171254,16571,4283,9545,4785,14364,207,BV1Lc411T78x,270607412
《崩坏：星穹铁道》启程庆典,2023-04-30 20:00:00,3608356,254317,76105,16165,12161,21580,127844,2097,BV1Cg4y1L7fC,825610127
《崩坏：星穹铁道》走近星穹——「克拉拉：警惕人工智能」,2023-04-30 12:00:00,2970868,168888,17307,4356,8410,8184,18010,235,BV1uk4y1n7aj,740552625
《崩坏：星穹铁道》走近星穹——「布洛妮娅：下任大守护者不能说的秘密」,2023-04-29 12:00:00,2095642,128012,13618,2856,4465,4564,16506,199,BV1dL411h7v8,443094994
《崩坏：星穹铁道》走近星穹——「希儿：离奇消失的地火奇人」,2023-04-27 12:00:00,2122352,129390,14787,4067,6092,5907,21745,273,BV1Eh4y1n7iw,612951555
《崩坏：星穹铁道》OP：「星间旅行」,2023-04-25 12:00:00,20104884,757337,326463,26377,46142,147881,422985,206,BV1rh4y1n77f,612992200
《崩坏：星穹铁道》开服寄语「CV篇」,2023-04-24 12:00:00,2059708,157152,44404,28225,6622,11248,38389,682,BV1gP411U71v,312870081
《崩坏：星穹铁道》希儿角色PV——「一夜无事」,2023-04-23 10:00:00,11114928,362017,64941,6739,13081,38867,82577,360,BV1bh411E7SQ,227688041
直面危机，星穹铁道做了一个艰难的决定,2023-04-20 12:00:00,3189259,236691,35869,24058,8998,47829,73578,483,BV1ho4y1j7Ps,400192339
《崩坏：星穹铁道》星穹研习会01期——「走出家园」,2023-04-18 12:00:00,1531148,155154,26019,10188,5810,18337,58326,652,BV1as4y127qn,995096923
《崩坏：星穹铁道》杰帕德角色PV——「以朗道之名」,2023-04-17 12:00:00,2542185,127801,19570,2798,3932,11457,19199,352,BV1G24y1A7CF,782477319
《崩坏：星穹铁道》姬子角色PV——「追星星的人」,2023-04-10 12:00:00,5049554,286268,59401,5850,10977,43597,99812,339,BV1tT411W7T9,484834885
《崩坏：星穹铁道》前瞻特别节目,2023-03-24 22:50:17,2750241,180128,25974,32362,12435,19068,42627,2893,BV1ms4y1S7Q4,994123933
来，快上车！,2023-03-24 21:00:00,1327593,116355,13829,3145,9648,25221,21920,199,BV13m4y1k7au,696379544
《崩坏：星穹铁道》彦卿角色PV——「锋寒砺淬」,2023-02-17 12:00:00,5166907,340788,51572,5218,7661,46657,47143,293,BV12Y411e7jQ,266928533
《崩坏：星穹铁道》白露角色PV——「天干物燥」,2023-02-10 10:00:00,7755418,487819,77003,6637,9250,99787,76041,382,BV1n84y1G7HE,608964463
《崩坏：星穹铁道》跃迁PV：「太空喜剧」,2023-01-24 10:00:00,12524019,572343,137990,23838,22708,128611,165002,450,BV1fA411R7pq,308121671
《崩坏：星穹铁道》剧情PV：「见证者」,2022-09-17 18:15:00,3479754,189875,26780,5077,7768,20514,32186,557,BV1eg411U7yz,515623003
《崩坏：星穹铁道》剧情PV：「梦魇」,2022-08-24 10:00:00,3972266,184541,33493,3609,5334,28071,28963,295,BV1od4y1R7Tf,387272520
《崩坏：星穹铁道》EP ：「雪融于烬」,2022-08-18 12:00:00,2033439,163818,15328,2574,3908,5903,16825,170,BV18G4y1a7Pg,814580773
《崩坏：星穹铁道》EP：「失控」,2022-07-22 12:00:00,6118963,457351,50270,10957,9550,17177,50659,183,BV13S4y1E78K,728680591
《崩坏：星穹铁道》SGF参展视频：「致将启程的你」,2022-06-10 10:00:00,2201405,139176,20100,2660,6713,14892,33820,401,BV1Gt4y1H7wF,982322087
《崩坏：星穹铁道》希露瓦角色PV——「引爆在即！」,2022-05-27 12:00:39,4790359,257307,66407,6068,11235,59783,99514,296,BV1BY411u7wQ,256975257
《崩坏：星穹铁道》开场动画：「一幕短剧」,2022-05-25 10:00:00,2375840,128623,21082,2342,5399,13969,30985,275,BV1dv4y1A7gL,554359096
《崩坏：星穹铁道》漫游PV：「你」的选择,2022-04-28 12:00:00,4969633,260685,44583,9925,18938,49137,80903,561,BV1ur4y1n71Y,768521607
《崩坏：星穹铁道》三月七角色PV——「来，拍照啦！」,2022-04-21 12:00:00,6901852,403374,94900,18806,30430,100533,156654,446,BV1VY4y1a78f,640863500
《崩坏：星穹铁道》始发PV：下一站，银河！,2021-10-08 10:00:16,8542328,472093,69997,24677,27096,61566,113750,118,BV1L341117xS,420879965
